Id,Predicted
1,-0.9896544297920824
2,-0.415767686715995
3,-0.9566531274991661
4,-0.9223221398134028
5,-0.5330489997974298
6,-0.8958793314494783
7,-0.8611394069825595
8,-0.6815199251432631
9,-0.6546501893828773
10,-1.1321560340929153
11,-1.134284139443693
12,-0.5039263435382252
13,0.7392743698749341
14,-1.0294217545862383
15,-1.0501648728938022
16,-0.8366667314713679
17,-0.9750904330319797
18,-0.6838710003904537
19,-0.3618059712292307
20,-0.6462061733243871
21,-0.8098503890908121
22,-1.0686696397498707
23,-0.3773429906283779
24,-0.7893356901841314
25,-0.8595169170258289
26,-0.8385344861119248
27,-0.5897081456602536
28,-0.3195755531477998
29,-0.8131593508796158
30,-0.6240369019381403
31,-0.7841145792375671
32,-1.1321560340929153
33,-0.8284735169969081
34,-1.0135562201246415
35,-0.9791763941360186
36,-0.7383337574770935
37,-1.0120233679220547
38,-0.86451189470084
39,-0.023312274465055627
40,-1.0204197016986285
41,-0.8284735169969081
42,-0.5320023084436655
43,-1.0113669804507455
44,-0.9323616062917921
45,-0.8958793314494783
46,-0.9613159894423545
47,-0.29485669079851096
48,-0.802737890145991
49,0.5373871482627378
50,-0.8938269568825348
51,-0.8366667314713679
52,-0.964270692272592
53,-0.789550232120618
54,-0.647611054699823
55,-0.8959079526086241
56,-0.09454481776064948
57,-0.7841145792375671
58,-1.1616386123352385
59,-0.8284735169969081
60,-0.2789163490792388
61,-0.8767764308856132
62,-0.7936147107615311
63,-0.91549161400836
64,-1.0909194962658404
65,-0.7439629466986587
66,-0.7733821602208905
67,-0.8542268046236502
68,0.19483320356714262
69,-1.1748657936070546
70,-0.8357263407088881
71,-1.038888806376164
72,-0.8294369536537687
73,-0.8271196752405812
74,-0.7936147107615311
75,-0.6815145281357076
76,-0.21281841402110044
77,-0.63905524633806
78,-0.5978740980967957
79,-1.0675970898272311
80,-0.4082072484750511
81,-1.0420140711849086
82,0.24281243813472028
83,-0.6420388373736471
84,-1.1666134168430202
85,-0.7989771908898575
86,-0.5343536064427071
87,-0.6462061733243871
88,0.684671592583399
89,-0.6015585153569559
90,-0.9560581916895075
91,-0.9004240329950761
92,-0.48106788766371245
93,-0.0696115784403305
94,-1.1343315957836495
95,-1.0026029443165925
96,-0.5691255344728603
97,-0.8820989799029206
98,-0.9838804923188748
99,-1.0152251811526158
100,-1.1273871026394175
101,-1.23486137583545
102,-0.337727914589138
103,-1.0530920588592068
104,-1.0113821805795309
105,-0.6801021631475096
106,-0.8657586125309109
107,-0.8687971796446305
108,-0.46577514126956
109,-0.7610865631029214
110,0.32095043045684696
111,-0.9008741489944754
112,-0.5632584768518284
113,-0.923967542933653
114,-0.8991746927340929
115,-0.5780591411388941
116,-0.7889107396618297
117,-1.0606021161220411
118,-0.5790628213400878
119,-0.6046711975014744
120,-0.7323717609442183
121,-0.5691255344728603
122,-0.9683093600907426
123,-0.9018032501331135
124,-0.8855103021074198
125,-1.0135562201246415
126,-0.5529209974225325
127,-1.2797977025586391
128,-0.8499206488452418
129,-0.9560581916895075
130,-0.5356335964988119
131,-0.6546501893828773
132,-0.8739680459107859
133,-0.8946773147773539
134,-0.8629399960850181
135,-0.812429221117057
136,-0.22638470405611624
137,-0.9120085536905975
138,-0.954251239551624
139,-0.9616421043981375
140,0.5769602777173334
141,-0.6590039867579804
142,-0.9158734816172255
143,-0.9008741489944754
144,0.5428561027307097
145,-0.9393157921900723
146,-1.0756614912885565
147,-1.1059257904900477
148,-0.7893598541977978
149,0.018701326443547942
150,0.7196488632715868
151,-0.6929417701664561
152,-0.9211863070381837
153,-0.9180567242143668
154,-0.8461475606942341
155,-1.1035038205444747
156,-0.479199782812273
157,1.075249130731166
158,-1.0420140711849086
159,-0.9742875030100746
160,-1.1273871026394175
161,-1.1629557512428192
162,-0.8945622317533123
163,-0.8750671505927272
164,-0.706062982133673
165,-0.894328928837453
166,-0.5105011451439767
167,-0.9023792236423418
168,-0.7704121725913494
169,-0.9005597459747748
170,-1.0230391230870026
171,0.3743393447492594
172,-1.1014675587280889
173,-0.8326177419872778
174,-0.6654131805650109
175,0.6018895421997426
176,-0.44617733714623875
177,-0.5752779066002204
178,-0.5752779066002204
179,-0.6672694500943379
180,-0.5691255344728603
181,-0.4542190657222281
182,-1.033640748525798
183,-0.11032122218556153
184,-0.1032968891381503
185,-1.025940256590147
186,-0.9124599242563959
187,-1.029941932397932
188,-0.8792686634454155
189,-0.27598544761930577
190,-0.6600096812269527
191,-0.9203096776662247
192,-0.5376850489204942
193,-0.7989771908898575
194,-0.7687566870669542
195,-0.9635047666279347
196,-0.9240476819985162
197,-0.704609730207366
198,-0.9016390344936409
199,-0.9451295223839651
200,-0.10892088594555116
201,-0.8973228391252377
202,-0.983516851596832
203,-0.954381009835842
204,-1.1896888373178882
205,-0.885475916632245
206,-0.8574801978418093
207,-0.482322536756115
208,-0.7450764991675811
209,-1.1311527833298527
210,-0.7310106189225253
211,-0.41897301813104115
212,-0.7985619572344403
213,0.01008925238132016
214,-0.7494339136911636
215,-0.9958079979077039
216,-1.0152251811526158
217,-0.6005616667850546
218,-1.0350481705850285
219,-0.8387239858517858
220,-0.7357009544330566
221,0.5774353779523692
222,-0.9694413805929543
223,-1.0134919280501862
224,-0.924630947705836
225,-0.5450483213785587
226,-0.9310009602277631
227,-0.7687597754266591
228,-0.8119166196470218
229,-0.6110135602634018
230,-0.5006507193512134
231,-0.6046711975014744
232,-1.0210680117763644
233,-0.9312956231062373
234,-0.9312956231062373
235,-1.0617987649927585
236,-0.8794515388038776
237,-0.9597353280154125
238,0.7247658307527305
239,-0.7839126154825778
240,-0.5163098546369864
241,-0.8367190464387164
242,-0.8350101217934734
243,-0.023257818462880636
244,-0.7847535131756586
245,-1.0850116359888062
246,0.19483320356714262
247,-1.1770980750694804
248,-0.020464407657996484
249,-0.280670749256572
250,-0.9386979624952545
251,-0.6727070031653142
252,-1.1667326717813893
253,-0.2789163490792388
254,-0.37642296316603524
255,-1.045238850647152
256,-0.7350415643282843
257,-0.18473972610918576
258,-0.7151295116866976
259,-0.8779870592669425
260,-0.7720583888830815
261,-0.8779066120806789
262,-0.9211863070381837
263,-0.023312274465055627
264,-0.9154791242331014
265,-0.8390536702225828
266,-0.6851340591617401
267,0.5774353779523692
268,-1.0084844879559542
269,0.355476798733989
270,-1.1386380118795643
271,-1.1321560340929153
272,-0.4807354078777878
273,-0.7131231901305881
274,-1.1378262743478869
275,-1.0035269986877182
276,-0.6056314794199835
277,-0.8173279269304743
278,0.7247658307527305
279,0.7247658307527305
280,-0.8547906298455104
281,-1.099868923445186
282,-0.7169231421550962
283,-0.7131983539613457
284,-0.415578071375521
285,-0.9659772372194906
286,-0.9343091889010539
287,-0.9639417107023434
288,-0.34250149015308284
289,-0.7595625348486265
290,-0.5753755738414983
291,0.7196488632715868
292,-0.9360157947804312
293,-0.9348824603245162
294,-0.3306084253567718
295,0.18605213760083927
296,-0.810104639704477
297,-0.57342696723326
298,-0.3296621901054523
299,-0.6622418759834688
300,-0.9009415106325347
301,-0.5804650974613851
302,-1.0414289188213812
303,-0.555179874013945
304,-0.3745007613489547
305,-0.298570085611388
306,-0.8397911316218512
307,-0.21281841402110044
308,-0.8792686634454155
309,-0.663216629935519
310,-1.0656057751252916
311,-0.3136966480753502
312,-0.1001151404833678
313,-0.8026198251600221
314,-0.6546265506049593
315,0.7981662069875171
316,-0.6226098122889284
317,-1.053331014154125
318,-0.9528328170638218
319,-0.812429221117057
320,-1.2515135539965032
321,-1.1749580910060757
322,-0.6149598340702905
323,-1.1378262743478869
324,-0.9005779672743728
325,0.22264683241344557
326,0.31720562349114806
327,-0.8363378825458055
328,-1.0026169913627
329,-1.133929232467196
330,-0.797541018008573
331,-1.0059190216974658
332,-0.9124599242564811
333,-0.0740593375823408
334,-0.8494060707609065
335,-0.7485161563248965
336,-0.18419229036722115
337,-0.7494339136911636
338,-0.7293412780842488
339,-0.5949359443783777
340,-0.8478453245839574
341,-0.9333301076097057
342,-0.529366910612552
343,-0.5376850489204942
344,-0.818083223449449
345,-1.2771907465317864
346,-0.4971560934663867
347,-0.7687566870669542
348,-0.9696190449246415
349,-0.6899146254880435
350,-0.9960741311528665
351,-0.6313821681800533
352,-0.983516851596832
353,-0.865727075147717
354,-1.1208992398219522
355,-0.9660982682852789
356,-1.1547377360749207
357,-1.012685829766852
358,-0.45725491026497905
359,-0.66729163667857
360,-0.9919198931446401
361,-0.7432536914454744
362,-0.9219450049675258
363,-1.0291745558475751
364,-1.162845816289959
365,-1.0035657693323543
366,-0.25500886789957644
367,-0.5327297568214675
368,-1.0841489849390624
369,-0.984933608777638
370,-0.7293075909948215
371,-0.006206699987231486
372,-0.41897301813104115
373,-1.230036286642459
374,0.14743561244340253
375,-1.14734775411317
376,-0.201988398500177
377,0.27521873287879844
378,-1.3120706554529562
379,-1.3937414780994997
380,-0.8691887555475402
381,-0.8749665646367503
382,-0.8508775580064167
383,-0.7382738668735414
384,-1.0065755100664404
385,-0.9157012656667262
386,-0.9120085536905975
387,1.0336755907370756
388,-0.03761577304946694
389,-0.8549719037696805
390,-1.0230391230870026
391,-0.9905550955509599
392,-1.0231496408797083
393,-1.1059257904900477
394,0.4267330410336141
395,-0.6570345751886605
396,-0.1001151404833678
397,-0.7242127711770506
398,-0.82539541147419
399,-0.656299363365704
400,-0.2955130286783997
401,0.12243847382227067
402,-0.2079276683156905
403,-1.1086662583399374
404,0.009251702715985735
405,-0.9386979624952545
406,-0.9367721644809562
407,-0.5815313182818187
408,-0.8718540919278011
409,-1.1434691815056655
410,-0.6339562645505198
411,-1.0701566912066909
412,-1.106682468300093
413,-0.7972779446182442
414,-1.0755867361296936
415,-0.860667164701326
416,-0.7535858494681097
417,-1.2110945443082954
418,-0.6077593040282492
419,-0.4692773910666545
420,-0.9600917070166163
421,-0.8378446818498874
422,-0.7487127210095393
423,0.14569314343314935
424,-0.741771193808816
425,-0.8494753117240492
426,-0.479199782812273
427,-0.7599837743495783
428,-0.31131363867144995
429,-0.8791237839798924
430,0.3865578871411943
431,-0.685430415542058
432,-1.1316216162544916
433,-1.0071834873600807
434,-0.8207379969325218
435,-0.9153341579563944
436,-0.25476365537060985
437,-0.9521413394585778
438,-0.4023821138886063
439,-0.8718540919278011
440,0.8962536284469567
441,-0.9536319500061124
442,-0.9969569349063788
443,-1.0746878980956325
444,-0.9540638190223804
445,-0.9961225050989952
446,-0.843948096278197
447,-0.0434500177992591
448,-0.7998442126664003
449,-1.0664878183364552
450,-0.9977442359270157
451,-0.6864362232394825
452,-0.2650918900760216
453,-0.298570085611388
454,-0.8090286443570419
455,-0.9381982722817809
456,0.7219542638420509
457,-0.9380430649422208
458,-1.1610880857486023
459,-1.0425689595339094
460,-0.6546265506049593
461,-0.5643851878096912
462,-0.6384155560603375
463,-0.8106975204513986
464,-0.6079658139787372
465,-0.7582493404508314
466,-0.8264999571344305
467,-1.0984414250759613
468,-0.7562451579226915
469,-1.0118637995181103
470,-1.1000379698782723
471,-0.2971117935046408
472,-0.8313700206303309
473,0.29201555671492946
474,1.152165899992909
475,-0.8756417275413211
476,-0.88031877273265
477,0.3697041799968732
478,-0.822653386784012
479,-0.785760527361262
480,0.005252089167086711
481,-0.9215369085512891
482,-0.9594961723094997
483,-0.5565196902683597
484,-0.5555898480237292
485,-1.1547377360749207
486,-1.0920571022721361
487,-0.9536319500061124
488,-0.9107880848314236
489,-0.8970660511887019
490,0.7051814018967234
491,-0.9112569105911774
492,-0.9906771442861243
493,-1.1005992846102544
494,-1.0199878959017354
495,-0.5905388421893888
496,-0.8334249729582693
497,-0.3044083949660177
498,-0.2298584179841753
499,-0.8310768749521315
500,-1.1201706740748563
501,-0.7095992073669068
502,-0.7541994544391031
503,-0.05964176514534378
504,-0.8913519977877373
505,-0.30643846516763074
506,-0.8574801978418093
507,0.03121284039669103
508,0.11448113218555958
509,-0.6600096812269527
510,-0.5365908534539443
511,-0.5957465768838545
512,-1.1160300883684755
513,-0.9094714840213528
514,-1.0317954983084265
515,1.0194830023684893
516,-1.1119099033792708
517,-0.5863289703581956
518,-0.8322673169314071
519,-0.9712036891132102
520,-0.818083223449449
521,-0.790028629856991
522,-0.8477738727654159
523,0.5428561027307097
524,-0.879683351844605
525,-0.5764610226555504
526,-0.7170010357514656
527,-1.1547377360749207
528,-0.8460212256237727
529,-1.1760671533807994
530,-0.9213362844688077
531,-1.0007249826499702
532,-0.8385344861119248
533,-0.18675577557293374
534,-0.6145481496640598
535,-0.9024134802881887
536,-0.689666586933626
537,-0.8921329132811168
538,-0.87277571635191
539,-0.6352326684415885
540,-0.6519308036852607
541,-0.6748092886721935
542,-0.8914243921134783
543,-1.1730088982243527
544,-0.8477823777291604
545,-0.900503659473671
546,-0.24729506692254694
547,-1.107444726097171
548,-0.7518926243152323
549,-0.3182251621161212
550,-0.7834461757881996
551,-0.51870223444827
552,-1.0291745558475751
553,0.1530500161371862
554,-0.5732252637942422
555,-1.020397108329476
556,-1.23486137583545
557,-0.8945622317533123
558,-0.4145820500578026
559,-1.1892703657270116
560,-0.0701079561942068
561,-0.8363378825458055
562,-0.32387986614158115
563,0.37663575971019714
564,-0.4183901645718464
565,-0.7024758589778202
566,0.006599819060099423
567,-0.33533126838942456
568,-0.7593929308834646
569,-1.0007249826499702
570,-0.9915195639673726
571,-1.1005992846102544
572,-0.8926490827561651
573,-0.892430292292218
574,-0.1553846332681846
575,-0.653973782465883
576,-0.18419229036722115
577,0.40168396833014686
578,-0.8477897630771878
579,0.2465240735100028
580,-0.9578649634252229
581,0.5014412851391655
582,-0.5755305213321975
583,0.04040060337946737
584,-1.4222090642435745
585,-0.51870223444827
586,0.1962810418057901
587,-0.0701079561942068
588,-0.8130665290475322
589,-0.8477768561285048
590,-1.0400749749756386
591,-0.4810124712313809
592,-0.8490784658396677
593,-1.1534682545933632
594,-1.0395386986133843
595,-0.5756544462570189
596,0.9149922526605816
597,-0.5562304766503272
598,-0.8049120884686972
599,-0.34601485674703275
600,-0.8796114571693607
601,0.5751080725609512
602,0.9166766795843414
603,-0.9169636719208396
604,-1.0809991085122448
605,-0.39662619733952936
606,0.10214896629942395
607,-0.7865328001193603
608,-0.4505357855439485
609,-0.6585756545583051
610,-1.2649951701091169
611,-0.4232313969196328
612,-0.572726547301315
613,-0.49111087825274075
614,-1.216115613656072
615,-0.8624059018732024
616,-1.041096057754814
617,-0.7447137330875224
618,-1.012685829766852
619,-0.23208052838141638
620,-0.3990997867499712
621,-0.5806840278653027
622,0.008827146549137714
623,-0.8106975204513986
624,-1.0050164839882283
625,-1.0035269986877182
626,-0.9116764758623362
627,-0.7557808427065564
628,-0.0003983055327835429
629,-1.078021629369161
630,-0.865727075147717
631,-0.5365908534539443
632,-0.847863013206208
633,-1.0236821074938829
634,-0.08990963650857957
635,-0.4502791782921207
636,-1.1547377360749207
637,-0.9867835149215551
638,-0.9444629445712138
639,-0.7779425982910056
640,-0.45725491026497905
641,-0.932549774192367
642,-1.1304043322007686
643,-0.9108164293050294
644,-0.9096528138051241
645,-1.1915395095987409
646,-0.9308753840648337
647,0.19558522941697734
648,-0.9179726860147497
649,-1.0059190216974658
650,-0.8508775580064167
651,-0.7027011002925435
652,-0.5164278495341108
653,-0.7983399802666751
654,-1.0483072397701816
655,-1.3120706554529562
656,-0.8716126626742523
657,-0.7925269844973712
658,-0.5109130158336227
659,-0.6311979272261256
660,-0.909318941979464
661,-1.1572067140387645
662,-0.6599899374031821
663,0.6382901867399229
664,-1.3236628564211372
665,-0.80506517172374
666,-1.1031399928439924
667,-0.9279492689772296
668,-1.1658334152878498
669,-0.671605086192372
670,-0.611580984191832
671,-0.7736211395971255
672,-0.06431550162686508
673,1.2256648800948395
674,-0.9440997170065231
675,-1.159491872220414
676,-1.0082345233896746
677,-0.3080721292857475
678,-0.8478648082386683
679,-0.9034340844529397
680,-0.6006288495364489
681,-1.0527634127057437
682,-0.9540638190223804
683,0.42440953314313407
684,-0.5987459445016299
685,-0.9774272495423162
686,-0.1083022698201008
687,-0.20230307571840425
688,-0.8425712861810981
689,0.7219542638420509
690,-0.5088369300839446
691,0.3865578871411943
692,-0.6545727767399256
693,-0.6971358822433302
694,0.5349137462764731
695,-0.822653386784012
696,-0.2699115813758084
697,-0.3024672139679153
698,-0.6386027289990325
699,-0.40672838529989974
700,-0.8988744115705886
701,-0.6300014880805946
702,-1.0005404386956938
703,-0.8753717850503191
704,-1.0191767772600002
705,-0.7812521292720049
706,-0.8903702547081167
707,-0.8582371501420168
708,0.08574301576193467
709,-0.8199503743525014
710,-0.7485161563248965
711,-1.0840553267289434
712,-0.9236655596177596
713,-0.8119166196470218
714,-0.002411608179343252
715,-0.5482941001829287
716,-0.5314450781921067
717,-0.5768898078339785
718,-0.5133664752417386
719,-0.9699970312899353
720,-0.820410683585479
721,-0.9268075420817894
722,-0.026373556696924427
723,-0.40108879346722415
724,-0.016991054964691454
725,-1.1111211939502963
726,-0.9210350365494407
727,1.111073183413922
728,-1.0929924115350926
729,-0.92602950310949
730,-0.5863289703581956
731,-0.7243772589578583
732,-0.2927875102184458
733,-0.8060171537873516
734,0.21313800302080235
735,-0.6267563416327134
736,-0.8496607145699357
737,-1.15464358313703
738,-0.706062982133673
739,-0.8477760298332981
740,-0.9017470265076639
741,-0.6864764920129146
742,-0.9519925726493597
743,-0.6006288495364489
744,-0.6755865376223229
745,0.038424606516613724
746,-1.0527634127057437
747,-1.0223100694959866
748,-0.9586790959003082
749,-0.9140796652464047
750,-0.750305096502032
751,0.37951983997182026
752,0.9149922526605816
753,-1.025351188670513
754,-0.8707757352539004
755,-0.4022003553531447
756,-0.7095992073668497
757,-0.8313082064882308
758,-0.9917980238459877
759,-0.05535763723206354
760,-0.6580443773473091
761,-1.0987814702340726
762,-0.9195444829057777
763,-0.6692259984783248
764,-0.6077052279371316
765,-1.1273944034817163
766,-0.9499387609808565
767,-0.46175648443310985
768,-0.6244684286101715
769,-0.9072297036556021
770,-0.7610517387031306
771,-0.3110650586809101
772,-1.1727871376460115
773,-0.7805239466811571
774,-0.8946773147773539
775,-1.070430138873931
776,-0.869517015194461
777,-0.3904919388980234
778,-1.1274942557781318
779,-0.6921369084925997
780,-0.01521058844026854
781,-0.7934244209784395
782,-0.8477343402184515
783,-0.2699115813758084
784,-0.2699115813758084
785,0.6340331539216355
786,-0.4023821138886063
787,-0.6874752392089506
788,-1.0211106165753423
789,-1.0144179965773932
790,-1.025940256590147
791,-0.6637345044397163
792,-1.0688193455791717
793,-0.9960741311528665
794,-0.9380884640224708
795,-0.9572326595746147
796,-0.8402364275659264
797,-0.8051158884443481
798,-1.1100347452513262
799,-0.5844528454202446
800,-0.8905884663985689
801,-0.9662910603599214
802,-0.8821293628801498
803,-1.053339930053241
804,-0.8758831469973387
805,-0.5456565475916902
806,-0.844060232599773
807,-0.8973414404932073
808,-0.6384155560603375
809,-0.5711311760002645
810,-0.9633809550476684
811,-0.8741252834285974
812,-0.8105214254158143
813,0.152437448118448
814,-1.088976696749981
815,0.971694954261963
816,-1.0291745558475751
817,-0.8478468302281641
818,-1.0929712801949873
819,-0.7043230843535044
820,-0.5252811134168525
821,-1.0758503678787148
822,-1.15464358313703
823,-0.9644287018739277
824,0.3697041799968732
825,-0.44193931271938436
826,-0.49111087825274075
827,-0.9399442345636686
828,-0.4023821138886063
829,0.5398110329861228
830,-0.7488964395692079
831,-0.7276814293307013
832,-0.48768428980075407
833,-0.9380884640225845
834,-0.9476894307440917
835,-0.7584820663640103
836,-0.16164136298182558
837,-0.2772901122403512
838,-0.35658168214170854
839,-0.8478011368906521
840,-0.9318463052007216
841,-0.9032888010329856
842,-0.24882963086228943
843,-1.0065755100664404
844,-0.5815944179057481
845,-0.8212256563922296
846,-0.7595625348486265
847,-0.8459304934746256
848,-0.2481522459134876
849,-0.5691642349775208
850,-0.8927500130223648
851,-0.7744829882872039
852,-0.8815035099126334
853,-0.6280297483186104
854,-0.9919198931446401
855,-1.0462084299142163
856,-0.5934002051219665
857,-0.673913180115974
858,0.9166766795843414
859,-0.22446197355050407
860,-0.5427784121223311
861,-1.0655463586923446
862,-0.5535931064964215
863,-0.9306174480849307
864,-1.0356647101597647
865,-1.0341107961953782
866,-0.8946773147773539
867,-1.021281841616471
868,-1.080674443089734
869,-0.9080258145372254
870,-0.8888178905123852
871,-0.8557933092599086
872,-0.984881324853049
873,-0.9227847875543631
874,-0.9531776019369004
875,-0.5797880341570332
876,-0.6802343849794995
877,-1.2278975700318853
878,-0.7129807187552756
879,-0.8477669920758757
880,-0.9308753840648337
881,-1.153136603254623
882,-0.4953069759086336
883,0.7462140193602093
884,-0.6315142427301196
885,-1.126553782152101
886,-0.6593796347240045
887,-0.9389982027531829
888,-0.8782046041547886
889,-0.8988979788062608
890,-0.9915195639673726
891,-1.1005992846102544
892,-0.8991746927340929
893,-0.8572054417532656
894,-1.0764531081481863
895,-0.5884071791129911
896,-0.8993331232206145
897,-0.9600918135057698
898,-0.6380461525781272
899,-0.7557108768860274
900,-0.8049120884686972
901,-1.1073158324269772
902,-0.6475443528150463
903,-0.8478333371744354
904,-0.8615882601120146
905,-0.8478145244854005
906,-0.8397407611851551
907,-0.8478498570686527
908,-0.3601856147665359
909,-0.6252971640279128
910,-0.8471789721744045
911,-1.1181110326681252
912,-0.7292504627823604
913,-0.6384155560603375
914,-0.84782823873671
915,-0.04602508518387067
916,-0.9006176769511427
917,-0.496004733447549
918,-0.4711472518645082
919,0.9158714793532997
920,-0.9765449891640258
921,0.08339063348894613
922,-0.847863013206208
923,-1.0392793918736487
924,-0.9965224625985487
925,-0.9867256160209052
926,-0.8325899827480755
927,-1.132995523247459
928,0.1453573946753155
929,-0.45649909838481045
930,-0.8691887555475402
931,-1.1747198241566963
932,-0.40293617323139613
933,-0.6776047132899948
934,-0.1272037415455856
935,-1.0347982387442445
936,-0.9640613963248796
937,-0.9640613963248796
938,-0.8465278597943638
939,-0.35593179262831126
940,-0.706062982133673
941,0.6181175463372456
942,-1.3462470765331174
943,-0.34638822804713243
944,-0.5097874619628866
945,-0.42909853908126666
946,-0.974841587750589
947,-0.6755865376223229
948,-0.9906771442861243
949,-0.9961225050989952
950,0.06013521115512763
951,-0.5039263435382252
952,-0.8478385652460217
953,-0.7624653761634337
954,-0.35658168214170854
955,-0.6432305101396167
956,-0.7853705981338664
957,-1.006698492504725
958,-0.876226230657906
959,0.5460562025756271
960,-0.7537170144409657
961,-0.8478145244854005
962,0.42805220021502044
963,-0.28170007377279677
964,-0.16508206785000837
965,-0.5400786736819752
966,-1.0490853889342733
967,-0.6226098122889284
968,-0.9512601937020263
969,1.1521754852202972
970,-0.6545727767399256
971,-1.14728545762172
972,-1.0819108899037102
973,-0.4852284888248308
974,-1.044337359319755
975,-0.25545452066329233
976,-0.7737092009038378
977,-0.3769335238546459
978,-0.9399465382300464
979,-0.9344864072408398
980,-0.5568310003523749
981,-0.5766433533017193
982,-0.48149204775181437
983,-0.601043040462102
984,-0.8015370781564995
985,-0.7085188215275336
986,0.3419336987189324
987,0.12280647197142988
988,-0.415578071375521
989,-1.1474061686472368
990,-0.8549441400880795
991,-0.9575693807623081
992,-0.9897317413061586
993,-0.8682286180080753
994,-0.8574801978418093
995,-0.556002316581342
996,-0.09534054827956613
997,-0.8973172868012541
998,-0.6723764080649773
999,-0.6723764080649773
1000,-0.9415107467405761
1001,-0.9140446787548768
1002,-1.1236643223250693
1003,-0.3670499899080396
1004,0.03474807024240074
1005,-0.4234122628770223
1006,-0.6890347318850869
1007,-0.1390846852222437
1008,-1.1358709949198695
1009,-0.766438836611499
1010,-1.1717616585976458
1011,-0.9644287018739277
1012,-0.741178225303244
1013,-0.8451317429449289
1014,-0.9606460571932158
1015,-0.9620078911639637
1016,-0.9871587446942414
1017,1.1521575081855104
1018,-0.9586790959003082
1019,-0.6599548557387465
1020,-0.5109130158336227
1021,-0.5520994750332163
1022,-0.6046154036468323
1023,-1.0412241162339768
1024,-0.3637870056433455
1025,-0.847790113602244
1026,-0.9380423391123573
1027,-0.9130183036337911
1028,1.1521080805146227
1029,0.272623834035059
1030,-0.925648846111116
1031,-1.115834203882159
1032,-0.8424107232360853
1033,-0.8478374905329675
1034,-1.077732815108462
1035,-0.5822632996106591
1036,0.14006694675525483
1037,-0.7170801919341586
1038,-0.8853105125412951
1039,-0.9080258145372254
1040,-1.017694512025784
1041,-0.8772833755447635
1042,1.1793524606257648
1043,-0.6147507365203779
1044,-0.49603734279794764
1045,-0.9168782415439835
1046,-1.0660398871622334
1047,-0.7717188480734053
1048,-1.2761010053125832
1049,0.09668960271447728
1050,-1.2491119909775106
1051,-1.0585371193569841
1052,-1.107220707061302
1053,1.1497593171549028
1054,-0.8477802046702861
1055,0.07178145975247213
1056,-0.909318941979464
1057,-0.914044678754905
1058,-0.8478856039078694
1059,-0.9809514452665411
1060,-0.4221076474550357
1061,0.3466828736819851
1062,-0.7897214772258252
1063,-0.02991754708459365
1064,-0.9311324188436885
1065,-0.1272037415455856
1066,-0.8477768561285048
1067,-1.1793169754681256
1068,-0.8474694146775761
1069,-0.7925269844973712
1070,-0.6287466548410946
1071,-0.8523760846248793
1072,-0.8478276541845985
1073,-0.8441592100611642
1074,-0.8900980692420575
1075,-0.4896413217848163
1076,-1.0392793918736487
1077,-1.0639221242517038
1078,-0.8485082168898971
1079,-0.8478210409423212
1080,-0.6045675115336593
1081,-0.7745661764541721
1082,-0.9980712344453337
1083,-1.065298533565695
1084,-1.1071631688573547
1085,-0.1358374080953553
1086,-0.0930397477803663
1087,-0.0930397477803663
1088,-0.9962776016165689
1089,-0.70354175970958
1090,0.6673146208636779
1091,-0.9600918135057698
1092,0.04788024984570436
1093,-0.8698442863403812
1094,0.3073770800556448
1095,-1.0005750759411711
1096,-1.0415570438093338
1097,-1.1301921566211346
1098,-0.7462359670636404
1099,-1.3937414780994997
1100,-1.293861518189928
1101,-1.1682474517927373
1102,0.29415710904054065
1103,-0.15852244941568513
1104,-0.5926433947872596
1105,-0.892430292292218
1106,-0.946337618109837
1107,-0.7687597754266591
1108,-0.9030098674254105
1109,-1.0965351275459199
1110,-0.8112681129158972
1111,-0.7935214412026284
1112,0.31747534137643646
1113,-1.1668368939758835
1114,-1.0786484476795553
1115,-0.19887794858543376
1116,-1.0387074256924365
1117,-0.7594211211096962
1118,-0.6124622802043831
1119,-0.20036453325231174
1120,-0.9881007476691509
1121,-0.5580255122578281
1122,-0.7407823078627725
1123,-0.2545969572357053
1124,-1.0256560760019084
1125,0.4213688998126056
1126,-1.2246487234609873
1127,0.3697041799968732
1128,0.8556836239583417
1129,-1.0463264766019764
1130,-1.0969642945440938
1131,-1.1605216627985868
1132,-1.00940772440471
1133,-0.9932904502548894
1134,-0.9456765303429079
1135,-0.8478472427583911
1136,-0.8065247779342856
1137,-0.6851965651005542
1138,-1.0471262118434623
1139,-1.1000457494721871
1140,-0.08140295094311499
1141,-0.8621317077165003
1142,-0.6609256108056768
1143,-0.058256790591443
1144,-0.6404738524077941
1145,-0.6540089671415077
1146,-0.2130670565404527
1147,-1.0087884560081053
1148,1.4456369327371734
1149,-0.8032803143076565
1150,-0.9286341524342419
1151,-0.5259539226245946
1152,-0.5490247513853177
1153,-0.7925545015170458
1154,-0.7839972829107038
1155,-1.1160300883684755
1156,-0.8136242976213026
1157,-0.8056558433583662
1158,-1.1424770196383773
1159,-0.8331866657122335
1160,-0.5732252637942422
1161,-1.0155820388352055
1162,-0.2198622639862012
1163,-0.9050747365983085
1164,-0.09064185569683061
1165,-0.6982474682681498
1166,-0.7610758600728076
1167,-1.1194455146387128
1168,-0.9116566192769111
1169,-1.02426304508289
1170,-0.7404439190247131
1171,-0.9550197538561492
1172,-1.065194600119682
1173,-0.8478784620105985
1174,-1.11075771955187
1175,-0.8814143110122502
1176,-1.0896289475998202
1177,-0.5989517363417036
1178,-0.9678867042322423
1179,-1.0755867361296936
1180,-0.7603720695440331
1181,-0.8268873042842839
1182,-0.9723240669262483
1183,-0.7197994520938807
1184,-0.08140295094311499
1185,-0.9491965144398334
1186,0.37951983997182026
1187,0.7569149924057256
1188,-0.6067438970246852
1189,-0.7872423040507075
1190,-0.8750193811266483
1191,-1.09208113270806
1192,-0.8477906354016654
1193,-1.0638502267401437
1194,-0.919949349809187
1195,0.7661238124825192
1196,1.1516067285789544
1197,-0.8781496744627618
1198,-0.5530497193960145
1199,-0.7983064204067745
1200,0.7515892685140814
1201,-0.18671811483282852
1202,-0.6656652645544768
1203,-1.0374068899802893
1204,-1.079975869838293
1205,-0.5003761353518567
1206,-0.42432172768722864
1207,-0.11444855680569771
1208,-0.8092382143810112
1209,-0.3014673579383071
1210,-0.8756417275413211
1211,-1.1123170358502394
1212,-0.9868383571362784
1213,-0.9481638060564564
1214,-0.8593301581128544
1215,-0.9819542330389055
1216,-0.8478355418421445
1217,-0.9399442345636686
1218,-0.9286116595099401
1219,-1.0086073066874377
1220,-0.8271280538913713
1221,-1.0781865117454428
1222,-0.9411700999244345
1223,-0.7820083778548365
1224,-0.5989517363417036
1225,-0.8478013752779389
1226,-1.0157944421889198
1227,0.35741254195120553
1228,-0.058256790591443
1229,-0.7395290927870377
1230,-0.8743675752204894
1231,-0.9198424904846688
1232,-0.8512557487493808
1233,-1.0346577527562741
1234,-0.07165496168805432
1235,-0.9875578387364926
1236,-1.1100347452513262
1237,-0.9485346149914307
1238,-0.9439462566444518
1239,-0.38281592701643763
1240,-0.34250149015308284
1241,-0.8983719980578398
1242,-0.9067691825627692
1243,-0.8732801462150945
1244,-0.8477813411391395
1245,-0.7465042700988391
1246,-0.750503501616251
1247,-0.8808068716999885
1248,-1.0672578514147375
1249,-0.8187836627431722
1250,-0.8718537061630656
1251,0.1994043616012819
1252,0.3247207833279759
1253,-0.3256219156265705
1254,1.1521695046665885
1255,-0.8306313610253967
1256,0.6820433023413984
1257,-0.9711476119988589
1258,-1.0594553828081958
1259,-0.982406072841414
1260,-0.5200979869433555
1261,-0.8226440319846375
1262,0.45619747780081377
1263,-1.0099336596534414
1264,-1.0236931130581441
1265,-0.9103641188312822
1266,-0.6593482280232902
1267,-0.7187446292909242
1268,-0.9902917963803048
1269,-0.9240088030840212
1270,-1.106939519286456
1271,-1.106939519286456
1272,-1.0428926563223087
1273,-0.8496607145699357
1274,-0.6295390383876478
1275,-0.8138034549768774
1276,-0.7496651410545638
1277,0.033248186563539874
1278,-0.847832656695644
1279,-0.8478495276431062
1280,-0.9327269469908259
1281,-0.5736082870439674
1282,-0.8451317429449289
1283,-0.9142117432595428
1284,-0.8975689438963032
1285,-0.7557808427065564
1286,-0.08625509854884679
1287,-0.8937883147914505
1288,-1.133929232467196
1289,-1.2125378467626577
1290,-0.6976538922861409
1291,-0.9892010350846622
1292,-0.9378713020135906
1293,-0.9833307598660357
1294,-0.5778185066047427
1295,-0.9178079053854021
1296,-0.7454469884372797
1297,-1.010393560918331
1298,-1.021663461809979
1299,-1.0387074256924365
1300,0.847816325237162
1301,-1.1005398243623432
1302,-0.7885789506541557
1303,-0.43396209505404215
1304,-1.0257553108694566
1305,1.1521322645717047
1306,1.0708641279862403
1307,-1.1096491525915584
1308,-0.39178791861654355
1309,-0.756984107746561
1310,-0.6115790206836633
1311,-0.7874590069987021
1312,-0.592548640405127
1313,-1.1313735893751442
1314,-0.6184066648308004
1315,-0.8262851338521244
1316,-0.8516197097802235
1317,-0.9410655958652541
1318,-0.8477992267370242
1319,-1.0563649895861287
1320,0.45135938340546033
1321,-0.5774844169159081
1322,-0.6059428666071227
1323,-0.9250377961682974
1324,-0.1001151404833678
1325,-0.8939308192758658
1326,-1.1488427419865699
1327,-0.8479195043285445
1328,-1.1775709086568753
1329,-1.0980222136295057
1330,-0.9006176769511427
1331,-0.5193442622894083
1332,-0.9400216050031676
1333,-0.9242649217941191
1334,-0.9430638237633532
1335,-1.3321885459671279
1336,-0.824623832379686
1337,-1.1299723072163061
1338,-0.9877146279618927
1339,-0.9470341933721189
1340,-0.744121007822386
1341,-1.0394581058148302
1342,-0.8100943579580787
1343,0.15594776150341266
1344,-0.8286503246448689
1345,-0.7498454676458409
1346,-1.0691851424249847
1347,-0.7083773189349215
1348,-0.8815689767495911
1349,-1.0481046707469515
1350,-0.9729409763163377
1351,1.0607370260160425
1352,-0.9287733639048809
1353,0.4967866550302201
1354,0.01491966834397817
1355,-0.9961684676339787
1356,-1.384183628353284
1357,-0.571880291687151
1358,-0.9640613963248796
1359,-0.8359824188014925
1360,-0.8897553030954414
1361,-0.2971941796494518
1362,-0.8523898480892032
1363,-0.3027822177354976
1364,-0.7628227968231016
1365,-0.9576933723123349
1366,-0.8451317429449289
1367,-1.0136276291746213
1368,-1.075270646767322
1369,-0.8554581924203859
1370,-0.8141550892450057
1371,-0.9534158423047787
1372,-0.5810273671245483
1373,-0.9869645723997423
1374,-0.9829312515182238
1375,-1.061967893273206
1376,-0.6095494929000864
1377,-1.006674726542215
1378,-0.25500886789957644
1379,-0.8722633783048792
1380,-1.201514340880223
1381,-1.173835410415066
1382,-0.934742729175966
1383,-0.6564953839969261
1384,-0.4394814600883735
1385,-0.8939274428055769
1386,-0.8875377791662941
1387,-0.7908347656343296
1388,-1.025940256590147
1389,0.08104965040463662
1390,-0.7972063775325039
1391,-0.7372040271702219
1392,0.09372671266883985
1393,-0.7993814573342919
1394,-0.305919518494207
1395,-0.9447241776680783
1396,0.2503241976999535
1397,-1.025142346819237
1398,-0.3614532927744705
1399,-0.8570158494486151
1400,-0.6205556012472895
1401,-1.0071877379105416
1402,-1.2179558919152529
1403,-0.07579390368995602
1404,-0.8473699377671409
1405,-0.9174355506391833
1406,-0.8747197131074103
1407,-0.847803196895697
1408,-0.6622418759834688
1409,-0.6462036989940005
1410,-0.8218930472119581
1411,-0.8477784525340296
1412,-0.46831522208712795
1413,-0.8350626778056807
1414,0.6937303559191856
1415,0.5315475547929084
1416,-0.10991896957311552
1417,-0.6567018610884786
1418,-1.0606468780430163
1419,-0.9520272301913194
1420,-0.17581740998925008
1421,-0.28587391096233716
1422,-0.7280077483947166
1423,-0.8477980063855595
1424,-0.8532787342740988
1425,-0.49710916435283525
1426,-0.3700271802162975
1427,-1.0172074940489464
1428,-0.9366189948978983
1429,-0.9157888307186539
1430,-0.9032888010329856
1431,-0.9608431418419485
1432,-1.1102387895844712
1433,-1.1824698657759853
1434,-0.5737229893997126
1435,-1.1697005734026649
1436,0.5460562025756271
1437,-0.23208052838141638
1438,-0.587503727235358
1439,-0.6605526640942257
1440,-0.971039087087675
1441,-1.156721513083724
1442,-1.1008495923032768
1443,-0.5300404800976394
1444,-0.9556407410330932
1445,-0.5847192234632954
1446,-0.9570406840645801
1447,-0.8912507551955998
1448,-0.8165085820953805
1449,-0.6463695591300362
1450,-0.7923255023669498
1451,-0.8969077689805119
1452,-0.9892347716809269
1453,-0.8416502718803685
1454,-0.6649616990619761
1455,-0.5263024199864647
1456,-1.013973596365858
1457,-0.7076888761375671
1458,-0.9555400894594896
1459,-0.938205035450281
1460,-0.9135535454054066
1461,-0.8479521055176774
1462,-0.9505098665778035
1463,-0.22063868789756214
1464,-1.625103834775203
1465,0.7479450538989031
1466,-0.3042168049978076
1467,-1.0305035094211092
1468,-1.1195515757171535
1469,-0.7122642921478217
1470,-0.5554273700972628
1471,-0.31864243861609515
1472,-1.10496214043296
1473,-0.8780645453672234
1474,-0.9364374086983246
1475,-0.9121693989000192
1476,-0.8963353160140599
1477,-0.9602076373685834
1478,-0.38603243925562924
1479,-0.9252737557481366
1480,-1.3349365240766389
1481,-0.8478799857353891
1482,-0.9775122163654972
1483,-0.4677310021962597
1484,-0.9133240191954001
1485,-0.847883758623297
1486,-0.8768049369039517
1487,-0.9883616580679443
1488,-0.859063533308941
1489,-1.133224077816621
1490,0.4712263405641439
1491,-0.790597639042332
1492,-0.9957469173358078
1493,-0.7866618884163898
1494,-1.1427485722943942
1495,-0.6228660593752551
1496,-0.4892209302681604
1497,-0.46176323055901497
1498,-0.9375306321756085
1499,-1.0975570311646128
1500,-0.7143228555090246
1501,-1.0281170323007556
1502,-0.5097691586890818
1503,-0.9882637066004206
1504,-1.121623057360992
1505,-1.257351156880546
1506,-1.132995523247459
1507,-1.243547201022423
1508,-0.9098976523963954
1509,-0.8848960730202718
1510,-1.040959217151638
1511,-0.20969505504665154
1512,-1.1747198241566963
1513,-0.974103614127003
1514,-0.9304871300526969
1515,-0.847811859305196
1516,0.29201555671492946
1517,-0.8478210409423212
1518,-0.7746614592659143
1519,0.3734838215052462
1520,-1.0155820388352055
1521,-0.953203448407507
1522,-1.0428926563223087
1523,-0.7483587312472509
1524,-0.8522923451949539
1525,-0.8021466729552317
1526,-0.8268500004901541
1527,-1.3770837896378654
1528,-0.6937939507355252
1529,-0.9569110880200781
1530,-0.058845349430256745
1531,-0.9094426092939755
1532,-0.6779993560678436
1533,-0.7379001590817182
1534,-0.8130665290475322
1535,-0.9129360596728162
1536,-0.8491406419971241
1537,-0.9527225587902565
1538,-0.3219869935822574
1539,-0.32387986614158115
1540,-0.8478019357939247
1541,-0.13041394941730264
1542,-0.7533960220431053
1543,-0.9308753840648337
1544,-0.9120002703898393
1545,-0.6386027289990325
1546,-0.7745772602848293
1547,-0.7502271150535054
1548,-0.8963695865422353
1549,-0.8285645744112317
1550,-0.7601996001485392
1551,-0.9020069228456151
1552,-0.98979420086566
1553,-1.30491315460317
1554,-0.8482447659497012
1555,-0.2725084364216318
1556,-0.9715725117061567
1557,-1.1620290379086242
1558,-0.9562643913016162
1559,-0.7739806144127358
1560,-0.8844225177985122
1561,-0.8882354057268885
1562,-0.933058680584182
1563,-0.42909853908126666
1564,-0.9495046556538539
1565,-0.6395536264291053
1566,-0.5450929170666683
1567,0.7523258892105815
1568,-1.2297339480296756
1569,-0.37340442939351703
1570,-0.6090677840844735
1571,-0.21776738032040982
1572,0.3824552644739044
1573,-0.7737832982332266
1574,-1.1008027447862074
1575,-1.0949531185282668
1576,-0.945651050909376
1577,-1.0285210567981977
1578,-0.8938871729368856
1579,-1.2223383016515612
1580,0.3419336987189324
1581,-0.07056700373910027
1582,-0.7993814573342919
1583,-1.369213961962586
1584,-1.0090147679584758
1585,-0.8478634428745264
1586,-1.288559670747233
1587,-1.0830803979470858
1588,-1.090936831973167
1589,-0.836214047633561
1590,-1.4193132580930266
1591,-1.2314829099648108
1592,-1.1256816243811871
1593,-0.7926483199358216
1594,1.0490965789854412
1595,-0.828399918237281
1596,-0.5420594581625411
1597,-0.8860523210650656
1598,-1.2867732137794832
1599,-1.0009623237298653
1600,-1.272527564382571
1601,-0.8307869293866335
1602,-0.947193782164149
1603,-0.8177728503943201
1604,-1.0182829258605608
1605,-0.8473591696624824
1606,-0.9210731817843649
1607,-1.3047025812446547
1608,-1.1678237151052855
1609,-0.6588183876700526
1610,-0.6694514276081093
1611,-0.7727601175327976
1612,-0.4896527076240742
1613,-0.33134905099622375
1614,-0.8438891713237383
1615,-1.1693536056310878
1616,-0.7899891191191981
1617,-1.0242450426193412
1618,-0.9017822831894052
1619,-0.9913684590214159
1620,-0.7016711694115684
1621,-0.9931289830758631
1622,-0.8073971562629794
1623,-0.5942841109448551
1624,-0.9412640393775434
1625,-0.24754173069045762
1626,-0.8479521055176774
1627,-0.8478374203016159
1628,-0.730702724737867
1629,-0.8903028331567526
1630,-0.7122642921478217
1631,-0.8479142198897165
1632,-0.8788180079926491
1633,-0.9007636043746315
1634,-1.1309061036769918
1635,-1.1864397376917992
1636,-0.5479834073535556
1637,-0.8302769695521733
1638,-0.999593446941347
1639,-0.8888952335368429
1640,-1.2741898155205575
1641,-0.7775385871201621
1642,-0.9151197842202381
1643,-0.9694006279232356
1644,-0.7731441283180658
1645,-0.8973414404932073
1646,-0.8895594554371227
1647,-0.21944793793242923
1648,-0.9098968476003364
1649,0.2003855893694461
1650,-0.8479002596664457
1651,-0.15121750359897146
1652,-0.4534524011167635
1653,-1.016060657716153
1654,-0.8478150967185769
1655,-0.9608576408705717
1656,-0.6588874937945518
1657,-0.496004733447549
1658,-0.5689489398680081
1659,-0.8479201849106487
1660,-0.9282215549956588
1661,-0.9825658438739565
1662,-0.8478079488284749
1663,0.11330702466351279
1664,-0.8654635839262
1665,-0.861664469106543
1666,-1.2175576264036039
1667,-1.3721426490607629
1668,-0.847830414463303
1669,-1.2045793602968473
1670,-1.5135252353057214
1671,-1.0666367209100966
1672,-1.497840154535524
1673,-1.494843455014788
1674,-0.6413737447395962
1675,-0.9112611493315653
1676,-1.0488295246069441
1677,-1.225009043682789
1678,-1.2376475996910443
1679,-1.0625284125510885
1680,-0.9598140651156228
1681,-0.884919899010228
1682,-1.196946820516061
1683,-1.052396722530105
1684,-0.8478249399549468
1685,-1.0896506660535437
1686,-0.8478176944256717
1687,-1.085901377992613
1688,-0.39989002873998936
1689,-0.8852380201852978
1690,-1.5141635024879037
1691,-0.9882637066004206
1692,0.940318499981188
1693,-0.837131619029762
1694,-0.6765609984151838
1695,-0.8667615373766325
1696,-0.8147007315326819
1697,-0.7740401577377868
1698,-1.248447863755402
1699,-1.0300478642867148
1700,-0.8478251886417495
1701,-0.5630644735059178
1702,-0.2612552907976207
1703,-0.8478092635169646
1704,-0.102270855387175
1705,-1.0440968840375575
1706,-0.04124559030249499
1707,-1.0136584539357754
1708,-0.823008068982702
1709,-1.0340524698473101
1710,-0.04686593124164075
1711,-0.7906800140261367
1712,-0.8481823665526207
1713,-0.7653084816508197
1714,-1.1342681728544761
1715,-0.578631734190665
1716,-1.105854539321584
1717,-1.0187574916068203
1718,-0.6141740803522707
1719,-1.155260389600116
1720,-0.8553160553220635
1721,-1.4553040157957613
1722,-1.0151499329976306
1723,-1.0108716018840909
1724,-0.8667039870598642
1725,-1.28589134177129
1726,-0.8904253113119154
1727,-1.2198627798278634
1728,-0.7231803661984059
1729,-1.1333267139900303
1730,-1.2217316488212333
1731,-1.061258927720516
1732,-1.5525226708705446
1733,-1.0508220840892335
1734,-1.4315849829376788
1735,-0.891046778883876
1736,-1.2080142973096175
1737,-1.0789428099183311
1738,-0.8501983774780939
1739,-1.0146110223769398
1740,-0.976223466183072
1741,-0.8478355418421445
1742,-0.9802327445275552
1743,0.8556836239583417
1744,0.2874513828840719
1745,0.4588491852040166
1746,-0.7880825960324814
1747,-0.6782841361852403
1748,-0.8478868461480289
1749,-0.594628534863048
1750,-1.0136276291746213
1751,-0.9502699829801741
1752,-1.3362741006532843
1753,-0.3011764157806597
1754,-1.3815511053737595
1755,-0.9374429310945658
1756,-0.9473849884097234
1757,-0.3247072319819748
1758,-0.8873164121320799
1759,-1.0230391230870026
1760,-1.1280069411858873
1761,-0.5058328355672045
1762,-0.415578071375521
1763,-0.23208052838141638
1764,-0.8479260103785435
1765,0.48874330019357604
1766,-0.8478302946477783
1767,0.5435414433204213
1768,-0.6177256417814334
1769,-0.16017897703535774
1770,-0.8424107232360853
1771,-1.1727871376460115
1772,0.7515892685140814
1773,-0.3008304798807019
1774,-1.095506858818979
1775,0.3568070851975877
1776,-0.8907124713563092
1777,-0.9991874675063599
1778,-1.1123170358502394
1779,-0.9644980948541358
1780,-0.5727344801379533
1781,-0.9802327445275552
1782,-0.7860673057595446
1783,-0.7181550526756694
1784,-0.13461204554481287
1785,0.7153096857490624
1786,-0.9284567087724868
1787,-0.7376188350900322
1788,-0.9370077568291179
1789,-1.0158079546974224
1790,-0.945651050909376
1791,-1.071682930729665
1792,-1.086471710818941
1793,-1.0186362894210534
1794,-0.8350626778056807
1795,-0.9575693807623081
1796,-1.3338811513389286
1797,-0.331832951476386
1798,-0.932549774192367
1799,0.5751080725609512
1800,-0.4447866700427454
1801,-0.838709872626268
1802,-0.9633809550476684
1803,-0.4504972393356611
1804,0.028617516847432956
1805,-0.005905922174136666
1806,-1.1225058047315741
1807,-1.017694512025784
1808,-1.3699428286993651
1809,-0.8921117922631225
1810,-1.0340524698473101
1811,-0.25011244166647395
1812,-0.751994482670099
1813,0.3810243136693861
1814,0.40068675249166547
1815,-1.107453551597686
1816,-0.8478083655273423
1817,-1.3937414780994997
1818,-0.847877524960168
1819,-1.0378320126859106
1820,0.6915107183821049
1821,-0.6929706045091136
1822,0.09668960271447728
1823,-0.6370872383967454
1824,-0.9573094297867184
1825,-0.18675577557293374
1826,-0.18675577557293374
1827,-2.0113188940307367
1828,-0.9181677965539876
1829,-0.03233640088127727
1830,-0.39534819425672674
1831,-0.8435238401040267
1832,0.39472176500670725
1833,-0.24754173069054322
1834,-0.9543810098357852
1835,-0.9310009602277631
1836,-1.0097219989568629
1837,-0.32651827338376904
1838,-0.847895524361704
1839,0.9058453859926348
1840,-0.5205224480556152
1841,-0.8441592100611642
1842,-0.7699732643710178
1843,-0.8759930171836883
1844,-0.8147002533690537
1845,-0.8477449765105263
1846,-0.4897345114045918
1847,-0.4852284888248308
1848,-0.6719586155184486
1849,-0.9202915232516916
1850,-1.096257789922717
1851,-0.4502791782921207
1852,-1.0374984830223895
1853,-0.984881324853049
1854,-1.1915395095987409
1855,-1.0360708629008142
1856,-0.13815907389387427
1857,-0.5166460248452296
1858,-0.8760319853361265
1859,-1.1117382983201622
1860,-0.8681816934858516
1861,-0.8893827367956106
1862,-0.006886776035159389
1863,-0.353722325346368
1864,-0.8477807663191327
1865,1.6769506696921461
1866,-0.8165085820953805
1867,-0.994167405757608
1868,-0.634518273377651
1869,-0.8479195043285445
1870,-0.091079635190894
1871,-0.8477642419639012
1872,-0.4050765203574967
1873,-0.5367426257992494
1874,-1.0028085160499385
1875,-0.847806105340922
1876,-0.818999973593307
1877,-0.7855444870437651
1878,-0.8482950589897058
1879,-0.756061240752942
1880,-1.0865555194714458
1881,-0.9165492266067901
1882,-1.2720736181362753
1883,-0.7496410801025063
1884,-1.0348159046448442
1885,-0.8464633266137724
1886,-0.7921861528374309
1887,-0.9106690928752955
1888,-0.8759950620101475
1889,-1.0191289911685573
1890,0.14397870796095452
1891,-1.1654279900597684
1892,-0.7904555269127941
1893,-0.9552494885829929
1894,-0.6792353833704255
1895,-0.9526643882920637
1896,-0.8488935316827194
1897,0.27710111601557247
1898,-1.088183562669073
1899,-0.39534819425672674
1900,0.5278273830766266
1901,-0.9511733430830844
1902,-0.006121296712293822
1903,-0.6475443528150463
1904,0.9289371486719769
1905,0.7555679901746116
1906,-0.8698442863403812
1907,-0.7689889135770472
1908,-0.3670499899080396
1909,-0.8478606629489179
1910,1.1709757635746454
1911,-0.8478321596300161
1912,1.2226098259229585
1913,1.1402060455839238
1914,-0.8478966453499623
1915,-1.2450679580755803
1916,-0.8482950589897058
1917,-0.9164290105792785
1918,-0.7184170292598965
1919,-0.25011244166647395
1920,-0.7880825960324814
1921,-1.840686387381382
1922,-0.922681945947673
1923,-0.8340165056497282
1924,-0.9522582831566667
1925,-1.249852426542347
1926,-0.8689881544960513
1927,-1.0830803979470858
1928,-0.5183088835853906
1929,-1.2192983110318067
1930,-0.9099309716118428
1931,-1.5569220432217463
1932,-1.3836999009651976
1933,-0.9761345591713988
1934,-0.8796899273387025
1935,-0.05344112521412107
1936,0.8106271095781068
1937,-0.8824188657915644
1938,-0.9509958095274127
1939,-1.0069509058733814
1940,-0.8478262299991998
1941,0.6472288583942856
1942,-0.37269510370155967
1943,-1.0527771740032252
1944,-1.0907692025539146
1945,-1.0180241733895767
1946,-1.089294241606851
1947,-0.9601760582465744
1948,-0.40492418797471463
1949,-1.1732568030336237
1950,-1.0606365679577578
1951,-0.9399920510440012
1952,0.9059493207256683
1953,-1.4712603458322207
1954,-1.1577070019243791
1955,-1.3085466233674625
1956,-0.8887072638568299
1957,-0.9695601323976035
1958,-1.3530227045938972
1959,-0.940430773073544
1960,-1.404797986818963
1961,-1.0348662147589636
1962,-0.9641038117075738
1963,-1.2243219889091248
1964,-0.9139753008792438
1965,-0.8478595546257139
1966,-1.2244849442640058
1967,-1.0216278085606378
1968,-1.0763105933047967
1969,-0.9949591812484045
1970,-1.483198060429956
1971,-1.4618468109974998
1972,-1.5227170005564261
1973,-0.9145380382438901
1974,-0.7200954954529518
1975,-1.4737573311019645
1976,-1.0253442736216556
1977,-0.9472019015924075
1978,-0.058106255783869035
1979,-1.390245297297625
1980,-0.6556580595533461
1981,-1.0709090663055036
1982,-1.0014760944654741
1983,-0.6077593040282492
1984,-0.802014417268893
1985,-1.052980958661877
1986,0.766781772008457
1987,0.11533256266879734
1988,-0.6689610629653799
1989,-0.6424737618557826
1990,-0.9116566192767979
1991,0.31747534137643646
1992,-0.7767264496323917
1993,-0.8333126799460756
1994,-1.0841489849390624
1995,-0.8714013932053747
1996,-0.9963650289749778
1997,-0.6046154036468323
1998,-0.8856295312809124
1999,0.360390349571489
2000,-1.0174632401197385
